City_ID,City,Country,Lat,Lng,Max Temp,Humidity,Cloudiness,Wind Speed,Current Description
0,Punta Arenas,CL,-53.15,-70.9167,50.11,50,0,11.5,clear sky
1,Bloemfontein,ZA,-29.1211,26.214,81.88,34,20,6.91,few clouds
2,Aden,YE,12.7794,45.0367,78.1,55,20,4.0,few clouds
3,Kapaa,US,22.0752,-159.319,66.18,94,0,5.75,clear sky
4,Haines Junction,CA,60.7522,-137.5108,-0.45,78,100,1.14,overcast clouds
5,Bengkulu,ID,-3.8004,102.2655,73.56,97,100,7.45,light rain
6,Zavyalovo,RU,54.5053,82.4484,13.24,89,99,10.87,overcast clouds
7,Oranjemund,NA,-28.55,16.4333,66.49,73,9,20.76,clear sky
8,Albany,US,42.6001,-73.9662,27.68,86,100,1.99,overcast clouds
9,Kodiak,US,57.79,-152.4072,33.31,80,0,5.75,clear sky
10,Cape Town,ZA,-33.9258,18.4232,72.1,49,0,5.99,clear sky
11,Weligama,LK,5.9667,80.4167,74.46,79,41,3.67,scattered clouds
12,San Miguel,SV,13.4833,-88.1833,85.66,53,0,2.3,clear sky
13,Mataura,NZ,-46.1927,168.8643,48.47,98,100,2.15,overcast clouds
14,Bambous Virieux,MU,-20.3428,57.7575,80.22,94,75,13.8,light rain
15,Bac Lieu,VN,9.285,105.7244,78.35,76,98,21.63,overcast clouds
16,Rikitea,PF,-23.1203,-134.9692,78.22,71,87,9.57,light rain
17,Helong,CN,42.5397,128.9972,1.99,81,22,8.16,few clouds
18,San Jose,US,37.3394,-121.895,54.25,61,20,3.44,few clouds
19,Noumea,NC,-22.2763,166.4572,75.18,84,100,2.33,overcast clouds
20,Faya,SA,18.3851,42.4509,60.91,81,35,7.0,scattered clouds
21,Port Elizabeth,ZA,-33.918,25.5701,69.1,88,100,3.44,light rain
22,Butaritari,KI,3.0707,172.7902,82.09,75,11,17.85,light rain
23,Iqaluit,CA,63.7506,-68.5145,-13.27,53,100,10.36,light snow
24,Tuktoyaktuk,CA,69.4541,-133.0374,-23.8,69,20,11.5,few clouds
25,Slochteren,NL,53.2208,6.8055,39.18,93,100,9.22,light rain
26,Samarai,PG,-10.6167,150.6667,81.03,81,96,8.84,overcast clouds
27,Souillac,MU,-20.5167,57.5167,80.37,94,75,13.8,light rain
28,Port Lincoln,AU,-34.7333,135.8667,63.34,81,61,15.9,broken clouds
29,Les Cayes,HT,18.2,-73.75,84.65,55,39,4.18,scattered clouds
30,Lafiagi,NG,8.8667,5.4167,95.45,10,10,3.42,clear sky
31,Sobolevo,RU,54.4299,31.8996,3.38,100,72,2.82,broken clouds
32,Constitucion,CL,-35.3333,-72.4167,68.92,69,12,10.13,few clouds
33,Nizhniy Chir,RU,48.3597,43.0865,28.24,91,100,9.17,overcast clouds
34,Taguatinga,BR,-12.3857,-46.5711,88.21,54,40,4.56,scattered clouds
35,Ushuaia,AR,-54.8,-68.3,51.42,50,0,18.41,clear sky
36,Busselton,AU,-33.65,115.3333,72.09,67,0,5.41,clear sky
37,Miraflores,MX,19.2167,-98.8083,64.87,34,0,5.57,clear sky
38,Adrar,MR,20.5022,-10.0711,81.88,7,9,9.08,clear sky
39,Tateyama,JP,34.9833,139.8667,48.13,43,20,28.77,few clouds
40,Boende,CD,-0.2167,20.8667,83.79,37,81,2.3,broken clouds
41,Hilo,US,19.7297,-155.09,68.11,74,40,9.22,scattered clouds
42,Lebu,CL,-37.6167,-73.65,64.87,76,10,16.44,clear sky
43,Rota,ES,36.6224,-6.3586,59.13,58,0,8.05,light rain
44,Cardston,CA,49.2,-113.3019,37.26,69,90,20.31,overcast clouds
45,Inuvik,CA,68.3499,-133.7218,-21.24,73,0,2.3,clear sky
46,Borovsk,RU,55.2064,36.4861,23.5,100,96,3.71,overcast clouds
47,Atuona,PF,-9.8,-139.0333,78.39,76,10,16.58,clear sky
48,Muravlenko,RU,63.7898,74.523,15.15,96,98,8.46,overcast clouds
49,Anadyr,RU,64.75,177.4833,-7.71,74,0,8.66,clear sky
50,Nara,JP,34.6851,135.8049,40.28,62,20,12.64,few clouds
51,Khatanga,RU,71.9667,102.5,-35.09,100,98,3.38,overcast clouds
52,Bluff,NZ,-46.6,168.3333,48.79,65,61,9.86,broken clouds
53,Shetpe,KZ,44.1667,52.1167,41.07,90,100,4.32,overcast clouds
54,Jamestown,US,42.097,-79.2353,21.09,62,100,5.01,mist
55,Srednekolymsk,RU,67.45,153.6833,-33.84,100,100,1.43,overcast clouds
56,Provideniya,RU,64.3833,-173.3,-0.24,64,7,14.52,clear sky
57,Hobart,AU,-42.8794,147.3294,59.25,84,100,5.75,overcast clouds
58,Nanortalik,GL,60.1432,-45.2371,10.89,83,100,41.96,light snow
59,Kaitangata,NZ,-46.2817,169.8464,52.93,82,100,5.48,overcast clouds
60,Pevek,RU,69.7008,170.3133,-24.41,100,93,3.85,overcast clouds
61,Namatanai,PG,-3.6667,152.4333,79.9,80,100,7.07,overcast clouds
62,Williams Lake,CA,52.1415,-122.1445,33.37,86,100,1.01,overcast clouds
63,Tazovskiy,RU,67.4667,78.7,4.77,96,96,5.88,overcast clouds
64,Longyearbyen,SJ,78.2186,15.6401,17.44,62,0,25.32,clear sky
65,Dikson,RU,73.5069,80.5464,-2.47,89,100,5.91,overcast clouds
66,Sambava,MG,-14.2667,50.1667,81.57,76,100,2.24,overcast clouds
67,Meulaboh,ID,4.1363,96.1285,77.54,87,100,3.96,overcast clouds
68,Te Anau,NZ,-45.4167,167.7167,44.78,95,97,3.98,overcast clouds
69,Artyom,AZ,40.4723,50.333,42.94,85,100,9.98,overcast clouds
70,Cockburn Town,TC,21.4612,-71.1419,75.76,69,0,19.95,clear sky
71,Puerto Ayora,EC,-0.7393,-90.3518,78.76,87,42,5.01,scattered clouds
72,Necochea,AR,-38.5473,-58.7368,74.03,55,60,12.64,light rain
73,Boshan,CN,36.4833,117.8333,23.36,29,21,2.8,few clouds
74,Hithadhoo,MV,-0.6,73.0833,82.29,73,50,11.32,scattered clouds
75,Chuy,UY,-33.6971,-53.4616,80.76,69,36,6.15,scattered clouds
76,Koppal,IN,15.35,76.15,73.36,32,16,2.86,few clouds
77,Ostrovnoy,RU,68.0531,39.5131,3.85,97,87,11.01,overcast clouds
78,Pontarlier,FR,46.8333,6.25,40.96,92,96,7.72,overcast clouds
79,Dangriga,BZ,16.9692,-88.2321,84.97,72,92,9.93,overcast clouds
80,Lompoc,US,34.6391,-120.4579,63.12,73,0,6.91,clear sky
81,Victoria,HK,22.2855,114.1577,59.25,74,15,3.0,few clouds
82,Madison,US,34.7334,-86.5667,34.77,93,100,3.0,overcast clouds
83,Georgetown,MY,5.4112,100.3354,78.89,93,40,3.0,scattered clouds
84,Qaanaaq,GL,77.484,-69.3632,-7.08,62,86,8.95,overcast clouds
85,Saskylakh,RU,71.9167,114.0833,-7.92,99,100,4.25,light snow
86,Jamiltepec,MX,16.2833,-97.8167,81.97,44,0,5.14,clear sky
87,Lasa,IT,46.6166,10.7002,45.48,77,4,2.06,clear sky
88,New Norfolk,AU,-42.7826,147.0587,58.91,73,85,2.06,overcast clouds
89,Oudtshoorn,ZA,-33.5907,22.2014,64.76,68,91,11.54,overcast clouds
90,Hambantota,LK,6.1241,81.1185,76.6,78,28,7.2,scattered clouds
91,Kollam,IN,8.8833,76.6,80.47,78,4,9.28,clear sky
92,Upernavik,GL,72.7868,-56.1549,4.03,97,100,7.25,overcast clouds
93,Quebo,GW,11.3333,-14.9333,96.51,20,0,6.08,clear sky
94,Vaini,TO,-21.2,-175.2,79.68,84,100,20.71,light rain
95,Ntoum,GA,0.3833,9.7833,80.87,76,91,5.44,light rain
96,Castro,BR,-24.7911,-50.0119,66.24,97,100,8.7,overcast clouds
97,Svetlogorsk,BY,52.6333,29.7333,6.21,99,20,2.89,few clouds
98,Gat,IL,31.61,34.7642,52.92,100,60,6.73,broken clouds
99,Pacific Grove,US,36.6177,-121.9166,56.57,69,0,1.99,clear sky
100,Norman Wells,CA,65.282,-126.8329,-30.96,68,40,9.22,scattered clouds
101,Pisco,PE,-13.7,-76.2167,76.01,73,0,8.05,clear sky
102,Salihorsk,BY,52.7876,27.5415,18.79,95,77,8.63,broken clouds
103,Sao Francisco De Paula,BR,-29.4481,-50.5836,72.68,97,100,2.39,moderate rain
104,Tarazona,ES,41.9,-1.7333,56.8,69,99,10.94,overcast clouds
105,Boma,GH,7.0805,-2.1697,95.88,17,6,2.06,clear sky
106,Vostok,RU,46.4856,135.8833,-12.28,99,100,3.53,overcast clouds
107,Torbay,CA,47.6666,-52.7314,33.58,94,100,10.36,fog
108,Tsiroanomandidy,MG,-18.7667,46.0333,69.24,92,89,3.2,light rain
109,Ilmajoki,FI,62.7333,22.5667,27.16,90,100,26.46,light snow
110,Simao,CN,22.7886,100.9748,50.49,66,0,3.29,clear sky
111,Bacolod,PH,10.6667,122.95,75.61,86,100,14.2,overcast clouds
112,Thompson,CA,55.7435,-97.8558,-27.24,68,0,3.44,clear sky
113,Leningradskiy,RU,69.3833,178.4167,-16.96,89,3,7.81,clear sky
114,El Sauzal,MX,31.9,-116.6833,54.41,37,2,9.33,clear sky
115,Nishihara,JP,26.1842,127.7558,60.08,80,100,10.36,overcast clouds
116,Knoxville,US,35.9606,-83.9207,39.67,94,100,0.0,mist
117,Nikolskoye,RU,59.7035,30.7861,19.29,95,81,7.78,broken clouds
118,Kavaratti,IN,10.5669,72.642,79.12,63,61,11.81,broken clouds
119,Ribeira Grande,PT,38.5167,-28.7,61.2,82,40,16.11,scattered clouds
120,Mayo,US,38.8876,-76.5119,51.94,95,100,5.99,light rain
121,Birjand,IR,32.8663,59.2211,45.07,49,0,4.61,clear sky
122,Dingle,PH,10.9995,122.6711,73.76,93,100,11.07,overcast clouds
123,Maceio,BR,-9.6658,-35.7353,89.04,48,40,14.97,scattered clouds
124,Touros,BR,-5.1989,-35.4608,88.7,54,66,16.53,broken clouds
125,Clyde River,CA,70.4692,-68.5914,-3.77,84,100,24.16,snow
126,Mwinilunga,ZM,-11.7358,24.4293,62.87,98,78,5.39,moderate rain
127,Flin Flon,CA,54.7682,-101.865,-23.96,69,20,4.61,few clouds
128,Cherskiy,RU,68.75,161.3,-34.64,99,9,3.8,clear sky
129,Mount Gambier,AU,-37.8333,140.7667,53.51,94,12,8.05,few clouds
130,Kapuskasing,CA,49.4169,-82.4331,-9.4,59,75,2.3,broken clouds
131,Ghanzi,BW,-21.5667,21.7833,77.34,58,46,6.76,light rain
132,Port Alfred,ZA,-33.5906,26.891,68.4,79,100,8.86,light rain
133,Tiznit,MA,29.5833,-9.5,68.94,31,90,7.96,overcast clouds
134,Najran,SA,17.4924,44.1277,75.85,40,44,4.72,scattered clouds
135,Kashi,CN,39.4547,75.9797,27.61,36,0,6.71,clear sky
136,Kahului,US,20.8947,-156.47,68.85,79,0,5.75,clear sky
137,Port-Gentil,GA,-0.7193,8.7815,84.16,74,20,9.22,few clouds
138,Korenovsk,RU,45.4686,39.4519,33.75,91,100,11.92,light snow
139,Virginia Beach,US,36.8529,-75.978,72.05,82,100,12.66,overcast clouds
140,Sioux Lookout,CA,50.1001,-91.917,-9.02,70,0,3.44,clear sky
141,Acapulco,MX,16.8634,-99.8901,80.42,69,0,3.44,clear sky
142,Pogar,RU,52.554,33.2591,6.57,99,94,4.47,overcast clouds
143,Coihaique,CL,-45.5752,-72.0662,66.81,45,20,8.05,few clouds
144,East London,ZA,-33.0153,27.9116,65.34,100,75,8.05,light rain
145,Hermanus,ZA,-34.4187,19.2345,76.89,56,7,21.61,clear sky
146,Sindor,RU,62.8629,51.8905,-4.77,100,94,1.59,overcast clouds
147,Shingu,JP,33.7333,135.9833,41.92,64,2,11.59,clear sky
148,Tagusao,PH,9.1924,117.8141,78.39,84,85,8.75,overcast clouds
149,Slidell,US,30.2752,-89.7812,39.99,89,100,1.01,overcast clouds
150,Morant Bay,JM,17.8815,-76.4093,85.62,70,9,11.95,clear sky
151,Rovaniemi,FI,66.5,25.7167,13.41,85,100,17.27,light snow
152,Saint-Philippe,RE,-21.3585,55.7679,80.19,89,100,28.68,moderate rain
153,Igrim,RU,63.1906,64.4162,-7.96,100,72,3.36,broken clouds
154,Arraial Do Cabo,BR,-22.9661,-42.0278,85.96,74,40,17.27,scattered clouds
155,Joshimath,IN,30.5667,79.5667,28.13,73,62,8.72,broken clouds
156,Geraldton,AU,-28.7667,114.6,72.01,60,0,3.44,clear sky
157,Camacupa,AO,-12.0167,17.4833,61.77,96,100,4.36,light rain
158,Tiksi,RU,71.6872,128.8694,-20.56,98,99,7.38,overcast clouds
159,Puerto Escondido,MX,15.85,-97.0667,83.23,78,0,5.75,clear sky
160,Strezhevoy,RU,60.7333,77.5889,24.78,95,100,8.79,overcast clouds
161,Chokurdakh,RU,70.6333,147.9167,-30.73,100,61,1.52,broken clouds
162,Batemans Bay,AU,-35.7167,150.1833,63.1,86,98,7.99,light rain
163,Taksimo,RU,56.3444,114.8794,-9.99,92,84,3.33,broken clouds
164,Cascais,PT,38.6979,-9.4215,61.5,66,20,1.01,few clouds
165,Delijan,IR,33.9905,50.6838,50.63,54,0,4.97,clear sky
166,Nevesinje,BA,43.2586,18.1133,41.86,86,12,4.68,few clouds
167,Egvekinot,RU,66.3167,-179.1667,-1.66,62,0,15.7,clear sky
168,Piacabucu,BR,-10.4056,-36.4344,86.23,57,15,13.96,few clouds
169,Klyuchi,RU,52.2667,79.1667,3.92,87,47,8.63,scattered clouds
170,Aklavik,CA,68.2191,-135.0107,-21.28,75,0,9.22,clear sky
171,Tasiilaq,GL,65.6145,-37.6368,17.76,67,100,38.36,overcast clouds
172,Udachnyy,RU,66.4167,112.4,-28.62,100,91,2.35,overcast clouds
173,Oyama,JP,36.3,139.8,40.59,47,0,4.99,clear sky
174,Aktau,KZ,43.65,51.2,39.78,86,100,12.95,overcast clouds
175,Bredasdorp,ZA,-34.5322,20.0403,69.12,46,33,16.11,scattered clouds
176,Hayvoron,UA,48.3396,29.8679,29.1,63,47,2.13,scattered clouds
177,Cabo San Lucas,MX,22.8909,-109.9124,70.52,53,0,1.41,clear sky
178,San Patricio,US,28.017,-97.5169,33.89,45,30,19.73,scattered clouds
179,Sao Joao Da Barra,BR,-21.6403,-41.0511,86.09,84,99,11.3,overcast clouds
180,Caravelas,BR,-17.7125,-39.2481,79.72,77,100,4.59,moderate rain
181,Yellowknife,CA,62.456,-114.3525,-33.72,67,20,3.44,mist
182,Mar Del Plata,AR,-38.0023,-57.5575,73.42,91,20,5.99,few clouds
183,Chalus,IR,36.655,51.4204,53.06,87,75,2.3,broken clouds
184,Hofn,IS,64.2539,-15.2082,32.02,51,20,25.32,few clouds
185,Aksarka,RU,66.5606,67.7975,5.38,97,100,2.8,light snow
186,Visnes,NO,59.3556,5.2242,40.21,70,20,27.63,few clouds
187,Barrow,US,71.2906,-156.7887,-29.18,68,0,6.91,clear sky
188,Sept-Iles,CA,50.2001,-66.3821,4.05,51,40,5.99,scattered clouds
189,Saint-Pierre,RE,-21.3393,55.4781,80.28,74,75,5.75,broken clouds
190,Olinda,BR,-8.0089,-34.8553,85.73,66,40,11.5,scattered clouds
191,Severo-Kurilsk,RU,50.6789,156.125,27.09,87,100,3.67,overcast clouds
192,Carnarvon,AU,-24.8667,113.6333,82.47,61,9,12.66,clear sky
193,Berbera,SO,10.4396,45.0143,77.14,58,3,5.91,clear sky
194,Porto Novo,BJ,6.4965,2.6036,85.82,59,4,11.27,clear sky
195,Waipawa,NZ,-41.4122,175.5153,56.03,96,100,13.89,overcast clouds
196,Yuxia,CN,34.0615,108.6291,34.41,54,33,3.13,scattered clouds
197,Ilulissat,GL,69.2167,-51.1,15.82,57,75,23.02,broken clouds
198,Bonthe,SL,7.5264,-12.505,84.36,59,13,13.6,few clouds
199,Kirensk,RU,57.7853,108.1119,12.69,95,100,7.9,light snow
200,Talnakh,RU,69.4865,88.3972,-2.79,96,99,7.61,overcast clouds
201,Ganserndorf,AT,48.3392,16.7202,48.97,72,100,5.59,overcast clouds
202,Kautokeino,NO,69.0125,23.0412,10.94,94,100,22.73,light snow
203,Mayumba,GA,-3.432,10.6554,78.6,79,97,4.34,overcast clouds
204,Champerico,GT,14.3,-91.9167,90.36,56,1,10.83,clear sky
205,Kawalu,ID,-7.3817,108.2082,72.73,96,94,1.95,overcast clouds
206,Lorengau,PG,-2.0226,147.2712,80.42,76,78,7.0,broken clouds
207,Coquimbo,CL,-29.9533,-71.3436,71.33,64,20,14.97,few clouds
208,Annau,TM,37.8876,58.516,56.7,33,75,4.61,broken clouds
209,Faanui,PF,-16.4833,-151.75,80.44,73,19,14.7,few clouds
210,Sayyan,YE,15.1718,44.3244,59.25,45,2,2.48,clear sky
211,Ornskoldsvik,SE,63.2909,18.7153,34.75,100,100,11.5,overcast clouds
212,San Rafael,AR,-34.6177,-68.3301,80.98,30,1,4.45,clear sky
213,Klaksvik,FO,62.2266,-6.589,34.72,66,92,45.9,overcast clouds
214,Codrington,AU,-38.2667,141.9667,54.39,93,48,8.1,scattered clouds
215,Yumen,CN,40.2833,97.2,16.95,41,100,14.25,overcast clouds
216,Ballina,AU,-28.8667,153.5667,71.56,69,40,18.41,scattered clouds
217,Alexandria,EG,31.2156,29.9553,57.16,72,40,16.11,scattered clouds
218,Swift Current,CA,50.2834,-107.8014,-1.39,78,100,25.32,haze
219,Kiama,AU,-34.6833,150.8667,64.0,89,75,3.0,broken clouds
220,Bilibino,RU,68.0546,166.4372,-9.11,77,0,4.74,clear sky
221,Bethel,US,41.3712,-73.414,38.48,91,100,4.61,moderate rain
222,Freeport,US,40.6576,-73.5832,40.08,85,100,1.99,moderate rain
223,Sao Filipe,CV,14.8961,-24.4956,74.82,68,0,7.74,clear sky
224,Airai,TL,-8.9266,125.4092,61.18,89,100,1.95,overcast clouds
225,Batagay,RU,67.6333,134.6333,-38.58,99,40,2.24,scattered clouds
226,Demba,CD,-5.51,22.2667,71.44,84,94,3.58,overcast clouds
227,Raduzhnyy,RU,62.0961,77.475,21.06,95,99,9.57,overcast clouds
228,Beringovskiy,RU,63.05,179.3167,-9.26,89,100,15.3,overcast clouds
229,Saldanha,ZA,-33.0117,17.9442,75.25,68,0,23.64,clear sky
230,Pochutla,MX,15.7432,-96.4661,86.83,40,0,7.14,clear sky
231,Crixas,BR,-14.5489,-49.9692,89.08,57,36,1.21,scattered clouds
232,Ordynskoye,RU,54.3656,81.8994,10.54,91,97,9.37,overcast clouds
233,Lloydminster,CA,53.2835,-110.0016,-7.92,77,100,17.27,mist
234,De Aar,ZA,-30.6497,24.0123,77.88,26,37,10.33,scattered clouds
235,Marzuq,YE,14.4,46.4667,66.42,45,19,6.82,few clouds
236,Narsaq,GL,60.9167,-46.05,10.62,68,86,22.06,overcast clouds
237,Kichmengskiy Gorodok,RU,59.9816,45.7854,-1.66,100,90,3.49,overcast clouds
238,Mandalgovi,MN,45.7625,106.2708,4.28,75,91,7.85,overcast clouds
239,Pangkalanbuun,ID,-2.6833,111.6167,73.96,95,71,2.24,broken clouds
240,Olafsvik,IS,64.8945,-23.7142,28.71,72,75,14.27,broken clouds
241,Urucara,BR,-2.5364,-57.76,72.73,94,100,2.82,overcast clouds
242,Maniitsoq,GL,65.4167,-52.9,6.55,86,100,13.18,light snow
243,Mwandiga,TZ,-4.83,29.6581,74.59,83,75,0.0,thunderstorm
244,Damghan,IR,36.1683,54.348,46.58,49,7,2.08,clear sky
245,Stephenville,US,32.2207,-98.2023,25.14,85,100,0.0,overcast clouds
246,Lata,PT,40.1629,-8.3327,57.72,69,99,6.08,overcast clouds
247,Paita,PE,-5.0892,-81.1144,82.96,63,60,10.6,broken clouds
248,Kasongo-Lunda,CD,-6.4667,16.8167,73.47,88,99,1.12,overcast clouds
249,Santa Cruz,BO,-17.8,-63.1667,85.46,70,75,21.85,broken clouds
250,Fort Nelson,CA,58.8053,-122.7002,-11.61,77,100,3.44,snow
251,San Andres,CO,12.5847,-81.7006,84.22,65,40,13.8,scattered clouds
252,Kenai,US,60.5544,-151.2583,21.02,93,100,4.61,overcast clouds
253,Kuvshinovo,RU,57.0295,34.1725,0.5,100,92,1.03,overcast clouds
254,Broome,US,42.2506,-75.833,23.0,76,100,1.99,light snow
255,Conde,BR,-7.2597,-34.9075,87.26,55,40,13.8,scattered clouds
256,Poum,NC,-20.2333,164.0167,81.07,86,100,17.45,moderate rain
257,Mnogovershinnyy,RU,53.9353,139.9242,-2.51,98,100,5.55,light snow
258,Winslow,US,35.0242,-110.6974,29.3,32,0,0.0,clear sky
259,Yabrud,SY,33.9674,36.6574,35.26,82,91,9.33,overcast clouds
260,Banda Aceh,ID,5.5577,95.3222,78.73,81,50,6.33,scattered clouds
261,Port Hedland,AU,-20.3167,118.5667,86.05,79,100,5.75,overcast clouds
262,Road Town,VG,18.4167,-64.6167,77.09,100,40,13.8,scattered clouds
263,Sinnamary,GF,5.3833,-52.95,78.71,87,97,10.09,overcast clouds
264,Cheremkhovo,RU,53.1561,103.0675,-9.18,100,95,3.18,overcast clouds
265,Conceicao Do Araguaia,BR,-8.2578,-49.2647,92.05,51,79,0.65,broken clouds
266,Gorontalo,ID,0.5412,123.0595,74.25,93,100,3.53,overcast clouds
267,Vila Franca Do Campo,PT,37.7167,-25.4333,65.19,66,100,11.43,overcast clouds
268,Fortuna,US,40.5982,-124.1573,44.65,95,100,1.99,overcast clouds
269,San Quintin,MX,30.4833,-115.95,57.76,24,4,1.92,clear sky
270,Pascagoula,US,30.3658,-88.5561,43.05,91,100,12.66,overcast clouds
271,Estelle,US,29.8458,-90.1067,39.99,84,100,12.66,mist
272,Bhanpura,IN,24.513,75.7469,61.54,26,0,4.85,clear sky
273,Banjarmasin,ID,-3.3244,114.591,75.34,92,81,0.65,broken clouds
274,Serenje,ZM,-13.2325,30.2352,60.85,98,100,7.14,overcast clouds
275,Labuhan,ID,-6.8844,112.2051,78.06,88,100,6.35,overcast clouds
276,Bam,IR,29.106,58.357,59.86,21,0,2.8,clear sky
277,Kruisfontein,ZA,-34.0033,24.7314,66.88,59,100,6.71,overcast clouds
278,Merrill,US,45.1805,-89.6835,7.57,75,100,0.0,overcast clouds
279,Broken Hill,AU,-31.95,141.4333,65.91,39,87,9.22,overcast clouds
280,Qaqortoq,GL,60.7167,-46.0333,5.4,75,88,29.46,overcast clouds
281,Kuandian,CN,40.7286,124.7847,3.47,82,2,2.66,clear sky
282,Mezen,RU,65.8522,44.24,-11.15,100,99,3.51,overcast clouds
283,Ulaangom,MN,49.9811,92.0667,-21.33,93,80,3.13,broken clouds
284,Launceston,AU,-41.45,147.1667,53.24,85,40,0.0,scattered clouds
285,Sandwick,GB,60.0,-1.25,37.22,75,40,28.77,scattered clouds
286,Taltal,CL,-25.4,-70.4833,70.05,67,6,6.42,clear sky
287,Chimbote,PE,-9.0853,-78.5783,76.32,69,68,10.38,broken clouds
288,Belmonte,BR,-15.8631,-38.8828,86.5,61,93,10.51,overcast clouds
289,Madimba,TZ,-10.4,40.3333,83.52,83,20,18.41,light rain
290,Yining,CN,29.0361,114.5636,36.81,88,3,1.61,clear sky
291,Letychiv,UA,49.3826,27.6305,25.2,98,97,4.59,overcast clouds
292,Saint George,US,37.1041,-113.5841,41.47,42,2,3.27,clear sky
293,Ihosy,MG,-22.4,46.1167,70.61,85,7,13.76,clear sky
294,Dekar,BW,-21.5333,21.9333,77.74,57,59,8.39,broken clouds
295,Ambilobe,MG,-13.2,49.05,78.1,83,100,11.88,light rain
296,Tjaereborg,DK,55.4646,8.5797,37.85,92,75,8.05,broken clouds
297,Turkmenabat,TM,39.0733,63.5786,48.18,37,0,13.8,haze
298,San Jeronimo,PE,-11.9472,-75.2829,60.44,54,98,2.84,overcast clouds
299,Ulladulla,AU,-35.35,150.4667,61.7,80,85,10.63,overcast clouds
300,Salinopolis,BR,-0.6136,-47.3561,82.62,74,96,9.57,moderate rain
301,Palmer,US,42.1584,-72.3287,36.21,100,100,13.8,freezing rain
302,Moree,AU,-29.4667,149.85,60.82,63,0,5.75,clear sky
303,Casablanca,MA,33.5928,-7.6192,70.02,63,0,8.99,clear sky
304,Diffa,NE,13.3154,12.6113,72.77,11,1,10.49,clear sky
305,Alekseyevka,RU,50.6309,38.6903,12.63,96,83,6.6,broken clouds
306,Nome,US,64.5011,-165.4064,7.11,52,0,13.8,clear sky
307,Tevriz,RU,57.509,72.4042,23.02,87,100,7.81,overcast clouds
308,Francistown,BW,-21.17,27.5079,78.42,51,72,4.5,broken clouds
309,Mugan,CN,35.9404,101.3842,18.86,57,98,6.78,overcast clouds
310,Diego De Almagro,CL,-26.3667,-70.05,80.1,16,0,11.79,clear sky
311,Anloga,GH,5.7947,0.8973,86.22,71,11,14.5,few clouds
312,Komsomolskiy,UZ,40.4272,71.7189,40.42,64,0,4.61,clear sky
313,Oetrange,LU,49.5964,6.26,45.73,94,75,16.11,mist
314,Luderitz,NA,-26.6481,15.1594,74.93,60,6,17.11,clear sky
315,Avarua,CK,-21.2078,-159.775,77.05,83,20,4.61,few clouds
316,Zhaotong,CN,27.3167,103.7167,32.49,91,98,1.21,overcast clouds
317,Cidreira,BR,-30.1811,-50.2056,76.8,77,95,5.01,overcast clouds
318,Vaasa,FI,63.096,21.6158,30.22,86,100,19.57,snow
319,Binabalian,PH,16.4202,119.9279,79.68,76,18,10.07,few clouds
320,Kaihua,CN,23.3687,104.28,46.94,82,64,5.79,broken clouds
321,Show Low,US,34.2542,-110.0298,30.07,36,0,12.66,clear sky
322,Mahebourg,MU,-20.4081,57.7,80.26,94,75,13.8,broken clouds
323,Seydi,TM,39.4816,62.9137,49.05,31,0,13.71,clear sky
324,Arona,ES,28.0996,-16.681,68.7,52,0,4.0,clear sky
325,Grootfontein,NA,-19.5667,18.1167,78.37,57,40,11.5,scattered clouds
326,Eyl,SO,7.9803,49.8164,74.44,60,10,14.65,clear sky
327,Hayesville,US,44.986,-122.9829,40.42,85,100,1.01,mist
328,Yulara,AU,-25.2406,130.9889,69.64,40,2,5.75,clear sky
329,Bonavista,CA,48.6499,-53.1147,32.11,94,100,19.69,snow
330,Deputatskiy,RU,69.3,139.9,-28.84,100,90,2.37,overcast clouds
331,Teya,RU,60.3778,92.6267,16.88,92,100,10.49,overcast clouds
332,Katiola,CI,8.1333,-5.1,95.63,7,6,2.84,clear sky
333,Sola,VU,-13.8833,167.55,81.03,80,100,26.87,moderate rain
334,Los Llanos De Aridane,ES,28.6585,-17.9182,67.12,67,20,4.0,few clouds
335,Ahipara,NZ,-35.1667,173.1667,71.15,88,96,14.34,overcast clouds
336,Aykhal,RU,66.0,111.5,-25.08,100,80,3.42,broken clouds
337,Pangai,TO,-19.8,-174.35,77.45,91,100,20.29,heavy intensity rain
338,Cachira,CO,7.741,-73.0483,65.97,56,29,1.05,scattered clouds
339,Birao,CF,10.2849,22.7882,82.63,13,6,6.89,clear sky
340,Portland,US,45.5234,-122.6762,40.24,95,75,1.01,fog
341,Pachino,IT,36.7186,15.0907,57.24,83,53,16.46,broken clouds
342,Vardo,NO,70.3705,31.1107,19.38,79,75,20.71,broken clouds
343,Arrecife,ES,28.963,-13.5477,69.87,68,0,6.91,clear sky
344,Camopi,GF,3.1655,-52.3158,83.5,68,92,5.35,overcast clouds
345,Porangatu,BR,-13.4408,-49.1486,87.15,59,97,1.23,overcast clouds
346,Peniche,PT,39.3558,-9.3811,60.76,84,100,13.22,overcast clouds
347,Hobyo,SO,5.3505,48.5268,77.09,69,6,17.13,clear sky
348,Muroto,JP,33.2833,134.15,43.57,57,2,20.2,clear sky
349,Pavilosta,LV,56.8879,21.1859,35.55,98,100,17.69,overcast clouds
350,Minusio,CH,46.1777,8.8147,50.61,66,0,0.0,clear sky
351,Lazaro Cardenas,MX,17.9583,-102.2,79.32,56,1,3.49,clear sky
352,Shahgarh,IN,24.3167,79.1333,56.46,31,0,2.95,clear sky
353,Tuatapere,NZ,-46.1333,167.6833,48.81,84,99,4.63,overcast clouds
354,Kibre Mengist,ET,5.8833,38.9833,64.85,23,82,1.54,broken clouds
355,Muncie,US,40.1934,-85.3864,18.45,80,100,9.22,overcast clouds
356,Guerrero Negro,MX,27.9769,-114.0611,56.57,32,0,2.21,clear sky
357,Kununurra,AU,-15.7667,128.7333,78.78,94,40,0.0,scattered clouds
358,Otjimbingwe,NA,-22.35,16.1333,83.35,38,85,17.36,overcast clouds
359,Mulege,MX,26.8833,-111.9833,60.24,38,0,15.08,clear sky
360,Hillsborough,US,37.5741,-122.3794,55.0,80,20,0.0,few clouds
361,Ivanivka,UA,46.7208,34.553,27.68,71,94,11.16,overcast clouds
362,Maltahohe,NA,-24.8333,16.9833,80.1,31,97,6.55,overcast clouds
363,Jiayuguan,CN,39.8167,98.3,15.4,43,100,5.64,overcast clouds
364,Araouane,ML,18.9048,-3.5265,80.37,7,0,7.99,clear sky
365,Maragogi,BR,-9.0122,-35.2225,84.56,57,40,10.89,scattered clouds
366,Beshpagir,RU,45.0217,42.3808,31.42,98,100,10.89,snow
367,Khorixas,NA,-20.3667,14.9667,78.58,45,86,14.52,overcast clouds
368,College,US,64.8569,-147.8028,1.72,67,100,3.44,light snow
369,Saint-Georges,GD,12.0564,-61.7485,83.88,70,20,19.57,few clouds
370,Paciran,ID,-6.8767,112.3761,77.88,88,100,6.98,overcast clouds
371,Oktyabrskoye,RU,43.0645,44.7417,37.54,86,75,2.24,broken clouds
372,Shirvan,AZ,39.9509,48.8994,48.13,78,96,11.92,overcast clouds
373,Bud,US,39.447,-86.1758,21.74,85,91,7.65,overcast clouds
374,Lima,PE,-12.0432,-77.0282,75.45,61,0,5.75,clear sky
375,Hualmay,PE,-11.0964,-77.6139,75.56,72,38,11.39,scattered clouds
376,Jeremie,HT,18.65,-74.1167,80.22,67,64,12.26,broken clouds
377,Ferkessedougou,CI,9.6,-5.2,94.89,6,12,3.98,few clouds
378,Ulefoss,NO,59.2838,9.2646,36.34,82,99,5.46,overcast clouds
379,Kabinda,CD,-6.1333,24.4833,65.8,94,92,2.95,overcast clouds
380,Avera,US,33.194,-82.5271,65.71,92,100,10.98,overcast clouds
381,Vengerovo,RU,55.6848,76.7471,16.86,83,100,12.21,overcast clouds
382,Cuamba,MZ,-14.8031,36.5372,72.23,89,58,2.19,light rain
383,Ushtobe,KZ,45.2514,77.9838,16.83,90,16,9.82,few clouds
384,Kavieng,PG,-2.5744,150.7967,82.29,71,100,9.13,overcast clouds
385,Kaeo,NZ,-35.1,173.7833,71.33,96,88,9.93,overcast clouds
386,Massaguet,TD,12.4755,15.4365,84.24,10,0,11.9,clear sky
387,Rudnaya Pristan,RU,44.3614,135.8116,7.18,63,23,12.57,few clouds
388,Capiibary,PY,-24.8,-56.0333,91.62,43,37,4.18,scattered clouds
389,Boca Da Mata,BR,-9.6452,-36.2117,87.31,42,30,13.96,scattered clouds
390,Richards Bay,ZA,-28.783,32.0377,73.13,94,100,14.92,moderate rain
391,Taseyevo,RU,57.2169,94.8978,10.54,95,97,3.8,overcast clouds
392,Fomboni,KM,-12.28,43.7425,83.39,74,86,17.22,overcast clouds
393,Union,US,40.6334,-74.2663,41.29,94,100,6.91,light rain
394,Ternova,UA,50.1849,36.6757,28.18,94,86,7.29,light snow
395,Ancud,CL,-41.8697,-73.8203,69.42,72,83,6.96,broken clouds
396,Esperance,AU,-33.8667,121.9,66.04,74,0,15.59,clear sky
397,Upington,ZA,-28.4478,21.2561,89.98,23,20,4.61,few clouds
398,Dwarka,IN,22.2394,68.9678,70.45,61,0,8.19,clear sky
399,Nuzvid,IN,16.7833,80.85,76.05,94,22,3.67,few clouds
400,Novopokrovka,UA,49.8425,36.5477,28.78,92,99,7.99,overcast clouds
401,Natitingou,BJ,10.3042,1.3796,91.45,10,20,6.33,few clouds
402,Umba,RU,66.6871,34.3429,7.77,95,100,9.57,overcast clouds
403,Kismayo,SO,-0.3582,42.5454,78.48,80,80,15.9,broken clouds
404,Ponta Do Sol,PT,32.6667,-17.1,72.01,79,83,1.3,broken clouds
405,Westport,US,41.1415,-73.3579,40.75,95,100,5.01,moderate rain
406,Belaya Gora,RU,68.5333,146.4167,-39.17,100,58,1.01,broken clouds
407,Sheksna,RU,59.21,38.5107,-0.44,100,72,3.09,broken clouds
408,Nioro,GM,13.35,-15.75,99.21,5,0,7.78,clear sky
409,Sonoita,MX,31.85,-112.8333,50.52,17,20,16.62,few clouds
410,Teahupoo,PF,-17.8333,-149.2667,73.36,77,49,16.2,scattered clouds
411,Namibe,AO,-15.1961,12.1522,75.24,67,89,11.21,overcast clouds
412,Buta,CD,2.7858,24.73,85.15,36,100,0.92,overcast clouds
413,Macau,MO,22.2006,113.5461,57.07,71,20,17.27,few clouds
414,Kroya,ID,-7.6331,109.2461,78.13,88,100,3.04,moderate rain
415,Santa Isabel Do Rio Negro,BR,-0.4139,-65.0192,88.39,55,89,5.46,overcast clouds
416,Hasaki,JP,35.7333,140.8333,28.8,77,99,8.7,overcast clouds
417,Talara,PE,-4.5772,-81.2719,83.16,54,0,21.85,clear sky
418,Asau,RO,46.4333,26.4,40.12,82,90,5.64,overcast clouds
419,Antofagasta,CL,-23.65,-70.4,74.21,53,19,11.3,few clouds
420,Havoysund,NO,70.9963,24.6622,13.08,84,100,34.63,overcast clouds
421,Xining,CN,36.6167,101.7667,17.2,52,98,2.82,overcast clouds
422,Vestmannaeyjar,IS,63.4427,-20.2734,29.39,80,20,11.5,few clouds
423,Huarmey,PE,-10.0681,-78.1522,76.68,71,30,11.72,scattered clouds
424,Pomorie,BG,42.5588,27.6439,39.18,70,0,4.61,clear sky
425,Umm Lajj,SA,25.0213,37.2685,64.85,44,4,17.85,clear sky
426,Melilla,ES,35.2937,-2.9383,68.2,39,0,14.97,clear sky
427,Verkhnevilyuysk,RU,63.4453,120.3167,-20.99,99,75,1.83,broken clouds
428,Wanning,CN,18.8003,110.3967,62.24,87,100,10.2,overcast clouds
429,Ambon,ID,-3.6954,128.1814,78.94,83,40,6.91,scattered clouds
430,Mackay,AU,-21.15,149.2,78.78,83,75,26.46,broken clouds
431,Mgandu,TZ,-5.95,34.1333,61.68,96,100,6.49,light rain
432,Brownsville,US,25.9018,-97.4975,37.51,65,100,8.99,overcast clouds
433,Quartucciu,IT,39.2519,9.1794,64.58,39,0,12.66,clear sky
434,Svirsk,RU,53.0858,103.3325,-9.4,100,96,2.64,overcast clouds
435,Hervey Bay,AU,-25.2986,152.8535,70.03,78,100,10.0,overcast clouds
436,Hauterive,FR,46.0901,3.4459,52.56,83,100,4.14,overcast clouds
437,Tibiri,NE,13.5627,7.0485,80.94,28,12,13.8,few clouds
438,Waitati,NZ,-45.75,170.5667,53.8,93,100,5.32,overcast clouds
439,Razdolnoye,RU,43.55,131.9167,-5.39,71,77,9.42,broken clouds
440,Yar-Sale,RU,66.8333,70.8333,6.1,97,100,2.8,light snow
441,Nelson,NZ,-41.2833,173.2833,69.3,92,100,1.99,overcast clouds
442,Alaverdi,AM,41.0977,44.6732,41.31,65,100,3.27,overcast clouds
443,Lac Du Bonnet,CA,50.2536,-96.0612,-7.31,94,100,5.41,overcast clouds
444,Olga,RU,43.7444,135.2892,7.72,58,13,16.87,few clouds
445,Denpasar,ID,-8.65,115.2167,78.46,94,40,3.44,scattered clouds
446,Port Hawkesbury,CA,45.6169,-61.3485,33.19,98,100,10.36,fog
447,Oromocto,CA,45.8351,-66.4792,21.94,92,100,18.99,snow
448,Kharp,RU,66.8014,65.8081,9.48,96,100,3.0,overcast clouds
449,Havre-Saint-Pierre,CA,50.2334,-63.5986,-0.4,60,100,9.22,overcast clouds
450,Sao Jose Da Coroa Grande,BR,-8.8978,-35.1478,84.45,57,27,10.67,scattered clouds
451,Kargasok,RU,59.0556,80.8572,23.02,94,100,12.48,light snow
452,Nhulunbuy,AU,-12.2333,136.7667,81.21,83,100,10.36,overcast clouds
453,Santa Barbara,US,34.7333,-120.0343,58.33,70,0,0.0,clear sky
454,Jilin,CN,43.0,126.0,-9.33,96,20,2.75,few clouds
455,Beloha,MG,-25.1667,45.05,73.78,85,2,20.09,clear sky
456,Espanola,US,35.9911,-106.0806,29.28,65,0,6.93,clear sky
457,Tawala,PH,9.5542,123.7696,77.83,83,100,18.03,overcast clouds
458,Jimma,ET,7.6667,36.8333,71.33,41,70,3.85,broken clouds
459,Takoradi,GH,4.8845,-1.7554,83.84,64,13,10.87,few clouds
460,Puerto Colombia,CO,10.9878,-74.9547,87.89,69,2,23.38,clear sky
461,Grindavik,IS,63.8424,-22.4338,28.35,74,75,4.61,broken clouds
462,Bulgan,MN,48.8125,103.5347,-3.08,88,68,4.83,broken clouds
463,Ewa Beach,US,21.3156,-158.0072,68.68,83,20,5.75,few clouds
464,Ulan-Ude,RU,51.8261,107.6098,-13.11,77,100,2.24,smoke
465,Turukhansk,RU,65.8167,87.9833,12.11,93,100,14.05,overcast clouds
466,Husavik,IS,66.0449,-17.3389,26.51,91,100,18.39,light snow
467,Kindu,CD,-2.95,25.95,72.79,88,99,1.34,moderate rain
468,Dharchula,IN,29.85,80.5333,35.04,82,87,7.78,overcast clouds
469,Conceicao Das Alagoas,BR,-19.9147,-48.3883,87.58,78,100,3.47,overcast clouds
470,Belyy Yar,RU,53.6039,91.3903,-14.91,79,56,0.0,fog
471,Lokomotivnyy,RU,53.0118,60.5684,19.2,91,100,10.92,overcast clouds
472,Acari,PE,-15.4311,-74.6158,82.17,53,53,12.06,broken clouds
473,Grand-Lahou,CI,5.1367,-5.0242,83.91,67,10,12.12,clear sky
474,Tetouan,MA,35.5711,-5.3724,65.17,45,75,11.5,broken clouds
475,Phaltan,IN,17.9833,74.4333,69.12,37,8,4.99,clear sky
476,Rockport,US,28.0206,-97.0544,32.23,73,100,5.99,overcast clouds
477,Opuwo,NA,-18.0607,13.84,83.16,24,53,18.86,broken clouds
478,Ozernovskiy,RU,51.5,156.5167,25.99,82,85,5.46,overcast clouds
479,Posse,BR,-14.0931,-46.3694,82.08,60,52,3.44,broken clouds
480,Charters Towers,AU,-20.1,146.2667,72.86,80,99,6.4,overcast clouds
481,Rawson,AR,-43.3002,-65.1023,64.98,64,96,27.2,overcast clouds
482,Lianran,CN,24.9227,102.485,41.54,69,0,3.38,clear sky
483,Ahuimanu,US,21.4447,-157.8378,68.45,87,0,2.04,clear sky
484,Lowestoft,GB,52.4752,1.7516,43.45,86,40,19.33,scattered clouds
485,Betsiamites,CA,48.9413,-68.646,6.69,69,100,7.56,overcast clouds
486,Cabedelo,BR,-6.9811,-34.8339,88.47,59,67,13.11,broken clouds
487,Petropavlovsk-Kamchatskiy,RU,53.0452,158.6483,25.39,59,75,8.95,broken clouds
488,Nyurba,RU,63.2842,118.3319,-26.16,100,56,2.37,broken clouds
489,San Cristobal,VE,7.7669,-72.225,73.58,47,53,1.19,broken clouds
490,Bathsheba,BB,13.2167,-59.5167,77.61,78,75,16.11,broken clouds
491,Grand Gaube,MU,-20.0064,57.6608,80.38,82,100,7.0,overcast clouds
492,Sur,OM,22.5667,59.5289,71.22,54,14,5.61,few clouds
493,Kadhan,PK,24.481,68.9859,67.91,62,0,10.96,clear sky
494,Leshukonskoye,RU,64.8989,45.7622,-11.96,100,88,2.44,overcast clouds
495,Kiunga,PG,-6.1219,141.2906,71.74,100,100,2.28,light rain
496,Daru,PG,-9.0763,143.2092,78.19,89,100,10.94,overcast clouds
497,Sucua,EC,-2.4667,-78.1667,77.74,73,40,3.44,light rain
498,Seoul,KR,37.5683,126.9778,20.64,55,0,3.44,clear sky
499,Epernay,FR,49.05,3.95,48.29,91,100,13.71,overcast clouds
500,Vao,NC,-22.6667,167.4833,80.08,85,98,14.72,overcast clouds
501,Mianyang,CN,31.4593,104.7542,45.9,71,98,2.82,overcast clouds
502,Eureka,US,40.8021,-124.1637,44.92,93,90,1.01,overcast clouds
503,Liverpool,GB,53.4106,-2.9779,44.76,75,75,10.0,broken clouds
504,Mana,GF,5.6592,-53.7767,79.18,84,69,9.6,broken clouds
505,Dickinson,US,29.4608,-95.0513,32.02,82,100,1.99,overcast clouds
506,Khasan,RU,42.4308,130.6434,12.9,57,27,21.59,scattered clouds
507,Bandarbeyla,SO,9.4942,50.8122,76.03,61,2,11.63,clear sky
508,Houma,US,29.5958,-90.7195,39.2,94,100,14.14,overcast clouds
509,Tual,ID,-5.6667,132.75,83.66,75,100,15.14,overcast clouds
510,Yongan,CN,39.6957,113.6871,9.81,70,29,5.28,scattered clouds
511,Cadiz,ES,36.5,-5.75,61.79,56,100,4.56,light rain
512,Panzhihua,CN,26.5851,101.7128,48.9,65,14,1.05,few clouds
513,Jasper,US,37.2001,-94.3502,23.54,62,18,1.99,few clouds
514,Nivala,FI,63.9167,24.9667,21.69,92,100,18.45,light snow
515,Manaus,BR,-3.1019,-60.025,79.3,100,75,6.91,thunderstorm with rain
516,Bouar,CF,5.934,15.596,78.76,18,96,5.46,overcast clouds
517,Oktyabrskiy,RU,54.4815,53.471,27.55,87,100,10.42,light snow
518,Praia Da Vitoria,PT,38.7333,-27.0667,60.76,94,75,11.36,broken clouds
519,Muros,ES,42.7762,-9.0603,58.98,74,99,7.96,overcast clouds
520,Distraccion,CO,10.8969,-72.8861,88.84,37,5,8.57,clear sky
521,Bunia,CD,1.5667,30.25,73.11,46,100,0.4,overcast clouds
522,San Ignacio,BZ,17.1561,-89.0714,77.14,88,100,4.61,overcast clouds
523,Krasnoarmeyskiy,RU,47.0114,42.2072,32.72,98,100,7.38,overcast clouds
524,Svetlyy,RU,54.675,20.1347,39.25,96,100,13.58,overcast clouds
525,Nemuro,JP,43.3236,145.575,21.18,79,73,9.15,broken clouds
526,Hami,CN,42.8,93.45,23.99,36,74,0.78,broken clouds
527,Idenao,CM,4.2475,9.0047,83.64,79,11,10.2,few clouds
528,Tabas,IR,33.5959,56.9244,57.29,24,4,6.42,clear sky
529,Windhoek,NA,-22.5594,17.0832,78.48,32,97,9.26,overcast clouds
530,Tautira,PF,-17.7333,-149.15,78.82,77,50,15.64,scattered clouds
531,Nouadhibou,MR,20.931,-17.0347,68.94,58,9,7.16,clear sky
532,Banjar,ID,-8.19,114.9675,78.66,86,62,2.95,light rain
533,Jackson,US,42.4165,-122.8345,40.44,77,99,0.29,overcast clouds
534,Pangody,RU,65.85,74.4859,9.34,97,100,2.39,light snow
535,Veraval,IN,20.9,70.3667,68.18,54,2,5.55,clear sky
536,Ilebo,CD,-4.3167,20.5833,79.11,65,82,0.22,broken clouds
537,Lesnoy,RU,57.6198,63.0784,26.98,97,100,5.95,light snow
538,Cangzhou,CN,38.3167,116.8667,22.98,28,0,5.12,clear sky
539,Amapa,BR,1.0,-52.0,79.56,86,98,3.62,overcast clouds
540,Jega,NG,12.2175,4.3792,85.71,10,5,10.71,clear sky
541,Pipri,IN,19.8,75.5333,66.24,32,1,5.41,clear sky
542,Manzil Kamil,TN,35.6248,10.6673,82.58,43,0,4.61,clear sky
543,Marinette,US,45.1,-87.6307,16.16,78,100,3.44,overcast clouds
544,Miandrivazo,MG,-19.5167,45.4667,80.02,81,58,7.72,moderate rain
545,Mitsamiouli,KM,-11.3847,43.2844,82.69,89,75,5.75,light rain
546,Alyangula,AU,-13.8483,136.4192,80.47,89,75,0.0,broken clouds
547,Tanabe,JP,33.7333,135.3667,41.94,44,11,5.01,few clouds
548,Warri,NG,5.5167,5.75,87.85,49,57,9.86,broken clouds
549,Rocha,UY,-34.4833,-54.3333,79.0,67,55,12.53,broken clouds
550,Samana,DO,19.2056,-69.3369,79.02,78,75,4.61,broken clouds
551,Buala,SB,-8.145,159.5921,80.69,83,100,8.84,overcast clouds
552,Darnah,LY,32.767,22.6367,53.85,63,12,16.93,few clouds
553,Andenes,NO,69.3143,16.1194,24.78,63,75,23.02,broken clouds
554,Gunjur,GM,13.2019,-16.7339,96.87,24,0,3.44,clear sky
555,Ler,SS,8.3018,30.1418,87.66,16,100,5.66,overcast clouds
556,Alofi,NU,-19.0595,-169.9187,76.89,83,100,10.36,overcast clouds
557,Krasnoselkup,RU,65.7,82.4667,15.96,96,100,6.44,light snow
558,Sitka,US,57.0531,-135.33,42.69,87,100,6.91,mist
559,Ilo,PE,-17.6394,-71.3375,72.46,68,0,11.5,clear sky
560,Port Hardy,CA,50.6996,-127.4199,46.76,93,75,4.61,light rain
561,Svetlaya,RU,46.5389,138.3297,7.92,71,91,9.08,overcast clouds
562,Lere,NG,10.387,8.5726,80.02,13,0,8.61,clear sky
563,Kloulklubed,PW,7.0419,134.2556,81.63,80,22,14.47,few clouds
564,Mporokoso,ZM,-9.3727,30.125,59.2,96,100,3.15,overcast clouds
565,Kitaibaraki,JP,36.7833,140.75,30.15,74,13,5.17,few clouds
566,Arlit,NE,18.7369,7.3853,72.3,9,35,3.6,scattered clouds
567,Zaysan,KZ,47.4667,84.8667,-3.71,82,45,3.44,scattered clouds
568,Antsohihy,MG,-14.8796,47.9875,74.95,96,100,3.51,moderate rain
569,Ban Nahin,LA,18.2418,104.2122,58.1,79,36,5.35,scattered clouds
570,Tecoanapa,MX,16.5167,-98.75,81.7,51,0,5.28,clear sky
571,Salalah,OM,17.0151,54.0924,72.52,65,0,1.34,clear sky
572,Portmore,JM,17.9702,-76.8672,85.96,61,20,5.75,few clouds
573,Padang,ID,-0.9492,100.3543,75.36,95,100,3.85,moderate rain
574,Kushiro,JP,42.975,144.3747,15.46,85,45,5.57,scattered clouds
575,Jalu,LY,29.0331,21.5482,57.07,48,3,8.14,clear sky
576,La Ronge,CA,55.1001,-105.2842,-25.35,68,40,2.3,scattered clouds
577,Wajima,JP,37.4,136.9,34.41,77,100,11.45,snow
578,Isangel,VU,-19.55,169.2667,78.15,89,100,8.63,moderate rain
579,Talanga,HN,14.4,-87.0833,79.34,42,28,5.91,scattered clouds
580,Araceli,PH,10.5529,119.9913,79.12,81,100,27.36,overcast clouds
581,Zhigansk,RU,66.7697,123.3711,-36.04,100,87,4.0,overcast clouds
582,Wattegama,LK,6.7989,81.4808,69.93,88,53,2.26,broken clouds
583,Cayenne,GF,4.9333,-52.3333,84.24,83,75,5.01,broken clouds
584,Chalchihuites,MX,23.4833,-103.8833,57.43,39,0,8.95,clear sky
585,Semey,KZ,50.4111,80.2275,2.12,82,4,10.63,clear sky
586,Uzhur,RU,55.3036,89.8339,4.35,96,100,6.44,overcast clouds
587,Gimli,CA,50.6336,-96.9907,-8.88,70,83,5.75,broken clouds
588,Flinders,AU,-34.5833,150.8552,64.8,84,73,4.0,broken clouds
589,Candido De Abreu,BR,-24.5669,-51.3333,70.84,97,100,4.97,overcast clouds
590,Zabol,AF,32.25,67.25,34.93,53,65,8.25,broken clouds
591,Manati,PR,18.4275,-66.4921,84.61,86,99,12.41,overcast clouds
592,Nalut,LY,30.3333,10.85,58.77,18,5,4.61,clear sky
593,Lavumisa,SZ,-27.31,31.892,72.64,93,99,9.08,light rain
594,Lavrentiya,RU,65.5833,-171.0,1.11,53,0,17.65,clear sky
595,Mount Isa,AU,-20.7333,139.5,73.17,38,74,10.36,broken clouds
596,Dakar,SN,14.6937,-17.4441,94.08,39,0,4.61,clear sky
597,Northam,GB,51.0333,-4.2167,47.01,77,27,22.01,scattered clouds
598,Tarauaca,BR,-8.1614,-70.7656,81.52,89,77,3.85,broken clouds
599,Vila Velha,BR,-20.3297,-40.2925,80.55,84,40,10.0,scattered clouds
600,Gorele,TR,41.0308,39.0031,42.24,89,100,13.8,light rain
601,Taquaritinga,BR,-21.4061,-48.5047,74.77,81,100,4.94,overcast clouds
602,Pomichna,UA,48.2422,31.4158,17.37,87,16,3.06,few clouds
603,Kapoeta,SS,4.7717,33.5903,87.53,29,100,6.29,overcast clouds
604,Basco,PH,20.4487,121.9702,72.9,75,97,28.9,overcast clouds
605,Herent,BE,50.9082,4.6683,41.76,87,75,5.99,broken clouds
606,La Libertad,EC,-2.2333,-80.9,83.86,65,20,6.91,few clouds
607,Katsuura,JP,35.1333,140.3,48.22,75,29,11.99,scattered clouds
608,Margate,GB,51.3813,1.3862,45.03,71,39,1.99,scattered clouds
609,Vanimo,PG,-2.6741,141.3028,76.73,87,63,3.89,broken clouds
610,Auki,SB,-8.7676,160.7034,77.29,88,100,4.88,overcast clouds
611,Aguimes,ES,27.9054,-15.4461,68.67,60,0,9.22,clear sky
612,Nanakuli,US,21.3906,-158.1547,68.7,73,0,1.43,clear sky
613,Marsaxlokk,MT,35.8419,14.5431,59.61,77,0,12.66,clear sky
614,Skerries,IE,53.5828,-6.1083,41.09,80,36,20.58,scattered clouds
615,Vieux-Habitants,GP,16.0589,-61.7659,81.72,69,5,9.13,clear sky
616,Sembakung,ID,3.8167,117.25,72.28,97,76,1.23,broken clouds
617,Mutsu,JP,41.2894,141.2169,24.82,100,75,1.14,broken clouds
618,Half Moon Bay,US,37.4636,-122.4286,55.31,81,0,0.0,clear sky
619,Misratah,LY,32.3754,15.0925,61.09,54,0,5.86,clear sky
620,Baffa,PK,34.4378,73.2194,41.27,42,0,5.66,clear sky
621,Roma,US,43.2128,-75.4557,22.95,82,100,5.01,light snow
622,Williston,US,48.147,-103.618,-1.08,69,28,1.99,scattered clouds
623,Katherine,AU,-14.4667,132.2667,77.32,94,100,3.44,light rain
624,Boyolangu,ID,-8.1181,111.8935,76.69,86,97,2.51,overcast clouds
625,Kathmandu,NP,27.7167,85.3167,43.02,100,75,2.3,drizzle
626,Rimbey,CA,52.6334,-114.2353,5.92,87,100,4.61,overcast clouds
627,Bulungu,CD,-4.55,18.6,74.28,88,100,3.44,overcast clouds
628,Nizwa,OM,22.9333,57.5333,71.11,30,9,1.9,clear sky
629,Honiara,SB,-9.4333,159.95,77.83,88,100,2.55,overcast clouds
630,Shanghai,CN,31.2222,121.4581,40.93,58,0,1.01,clear sky
631,Manbij,SY,36.5281,37.9549,41.77,82,99,5.99,overcast clouds
632,Yuncheng,CN,35.0231,110.9928,28.63,46,20,0.51,few clouds
633,Guarapari,BR,-20.6667,-40.4975,80.49,73,100,13.85,overcast clouds
634,Bajil,YE,15.0584,43.2851,81.97,50,1,3.4,clear sky
635,Price,US,39.5994,-110.8107,23.11,50,1,1.05,clear sky
636,Zhanaozen,KZ,43.3,52.8,41.99,79,78,8.21,broken clouds
637,Pampa,US,35.5362,-100.9599,16.57,92,0,14.97,clear sky
638,Zemio,CF,5.0314,25.1361,82.94,22,96,1.12,overcast clouds
639,Roseburg,US,43.2165,-123.3417,40.75,100,90,0.0,fog
640,Tura,IN,25.5198,90.2201,53.44,99,100,4.56,overcast clouds
641,Hamilton,US,39.1834,-84.5333,25.41,86,100,1.99,light snow
642,Micheweni,TZ,-4.9667,39.8333,80.87,83,99,12.15,overcast clouds
643,Krasnovishersk,RU,60.4078,57.082,2.44,98,100,3.22,overcast clouds
644,Suwalki,PL,54.1118,22.9309,32.76,98,100,9.6,overcast clouds
645,Byron Bay,AU,-28.65,153.6167,69.87,63,100,21.41,overcast clouds
646,Darhan,MN,49.4867,105.9228,-7.98,97,53,5.03,broken clouds
647,Russkaya Polyana,UA,49.417,31.9201,17.91,95,24,4.27,few clouds
648,Port Augusta,AU,-32.5,137.7667,69.15,40,42,7.65,scattered clouds
649,Bahia Blanca,AR,-38.7196,-62.2724,74.01,64,100,15.73,moderate rain
650,Lubango,AO,-14.9172,13.4925,67.3,48,70,9.55,broken clouds
651,Ixtapa,MX,20.7,-105.2,79.86,38,16,3.85,few clouds
652,Louis Trichardt,ZA,-23.0439,29.9032,75.56,66,6,9.75,clear sky
653,Palembang,ID,-2.9167,104.7458,77.09,88,20,0.0,few clouds
654,Ardakan,IR,32.31,54.0175,65.57,29,70,9.33,broken clouds
655,Le Mans,FR,48.0,0.2,46.33,76,0,4.61,clear sky
656,Gomel,BY,52.4345,30.9754,17.58,86,49,6.71,mist
657,Taoudenni,ML,22.6783,-3.9836,81.63,6,25,11.59,scattered clouds
658,Oistins,BB,13.0667,-59.5333,77.09,78,75,16.11,broken clouds
659,Alice Springs,AU,-23.7,133.8833,58.55,88,3,0.0,clear sky
660,Petilia Policastro,IT,39.1139,16.7855,48.69,59,99,7.34,overcast clouds
661,Karratha,AU,-20.7377,116.8463,86.61,64,92,4.94,overcast clouds
662,Sombrio,BR,-29.1139,-49.6167,86.94,70,100,4.59,overcast clouds
663,Bukachacha,RU,52.9833,116.9167,-9.51,95,62,4.36,broken clouds
664,Kabanjahe,ID,3.1001,98.4908,63.36,94,85,1.74,overcast clouds
665,Siavonga,ZM,-16.5382,28.7088,76.08,85,96,7.29,overcast clouds
666,Eenhana,NA,-17.4667,16.3333,76.44,55,87,5.84,overcast clouds
667,Polewali,ID,-3.4324,119.3435,77.59,87,100,3.09,overcast clouds
668,Mae Tha,TH,18.4646,99.1403,72.72,78,77,1.32,broken clouds
669,Sabha,LY,27.0377,14.4283,56.05,32,0,5.32,clear sky
670,Mehamn,NO,71.0357,27.8492,13.95,85,0,28.77,clear sky
671,Hirara,JP,24.8,125.2833,63.27,73,100,26.53,overcast clouds
672,Mercedes,AR,-34.6515,-59.4307,86.52,54,93,5.12,light rain
673,Severka,RU,56.8688,60.3015,26.04,99,100,2.84,overcast clouds
674,Glinishchevo,RU,53.3042,34.0652,23.13,80,100,6.71,overcast clouds
675,Lokoja,NG,7.8024,6.743,95.59,10,0,5.84,clear sky
676,Kalang,PH,5.9197,121.3631,78.57,85,100,15.55,overcast clouds
677,Stonewall,CA,50.1344,-97.3268,-9.29,94,45,6.85,scattered clouds
